,Avg. monthly return,Pos months pct,Avg yearly return,Max monthly dd,Max drawdown,Lake ratio,Gain to Pain,Sharpe ratio,Sortino ratio
KPI,1.15030549491,54.17156286721504,13.5362189308,-1.95,-6.71,0.0640262982406,0.17193973836,0.761649993725,0.146496564276
