,Avg. monthly return,Pos months pct,Avg yearly return,Max monthly dd,Max drawdown,Lake ratio,Gain to Pain,Sharpe ratio,Sortino ratio
KPI,1.165101616,54.28907168037603,13.9607523984,-1.94,-8.35,0.0726889174069,0.175701905838,0.782310078818,0.148897178331
