,Avg. monthly return,Pos months pct,Avg yearly return,Max monthly dd,Max drawdown,Lake ratio,Gain to Pain,Sharpe ratio,Sortino ratio
KPI,0.884254366392,52.369761065413236,10.5632752288,-2,-11.02,0.078399849483,0.137910408603,0.596900066645,0.106287050227
