,Avg. monthly return,Pos months pct,Avg yearly return,Max monthly dd,Max drawdown,Lake ratio,Gain to Pain,Sharpe ratio,Sortino ratio
KPI,1.20138752766,54.132393262828046,14.275469753,-1.89,-6.62,0.0630619852987,0.176249537581,0.78764186577,0.154106018846
