,Avg. monthly return,Pos months pct,Avg yearly return,Max monthly dd,Max drawdown,Lake ratio,Gain to Pain,Sharpe ratio,Sortino ratio
KPI,1.46621186425,53.85820603211907,17.4626392802,-2.07,-7.1,0.0377352508875,0.209814499006,0.965938905076,0.194858413554
