,Avg. monthly return,Pos months pct,Avg yearly return,Max monthly dd,Max drawdown,Lake ratio,Gain to Pain,Sharpe ratio,Sortino ratio
KPI,1.4759693987,54.01488444966706,17.6981102347,-2.07,-7.44,0.0396542571414,0.209684122125,0.96728236688,0.195818478907
