,Avg. monthly return,Pos months pct,Avg yearly return,Max monthly dd,Max drawdown,Lake ratio,Gain to Pain,Sharpe ratio,Sortino ratio
KPI,1.54518035439,55.77751664708186,18.3928219748,-1.95,-3.78,0.0403196370474,0.22584465854,1.02854894173,0.206533046076
